model,MAE,RMSE,R2,MAPE_%,n_samples,n_folds,validation_type
ElasticNet,26.959668383421967,37.87890222950762,0.6016283372215274,17.038140684518165,10,10,loeo
Lasso,33.655203326399295,39.96315208925388,0.556582180890405,21.652666110506328,10,10,loeo
Ridge,42.582849315296414,65.34621258152558,-0.1855899588109835,26.36629651673214,10,10,loeo
XGBoost,46.552085876464844,58.679561493025105,0.04397909397707345,28.7624587436362,10,10,loeo
RandomForest,47.425946428571436,60.27082832346071,-0.00857451551801347,32.05050450187015,10,10,loeo
DummyRegressor,56.35555555555557,66.6823129787617,-0.23456790123456805,38.43096405818544,10,10,loeo
SVR,60.24311227420817,69.56571176951118,-0.34364374890640415,39.16508645475763,10,10,loeo
MLP,167.32543296709997,360.68484654577077,-35.120143190487305,80.90940347924183,10,10,loeo
