model,data_branch,tuning_branch,tuning_method,validation_type,augmentation_strategy,branch_id,MAE,RMSE,R2,MAPE_%,n_train,n_train_original,n_train_augmented,n_test,n_folds,notes
DummyRegressor,N,ST,none,loeo,none,N_ST,56.35555555555557,66.6823129787617,-0.23456790123456805,38.43096405818544,9,9,0,10,10,
Ridge,N,ST,none,loeo,none,N_ST,42.582849315296414,65.34621258152558,-0.1855899588109835,26.36629651673214,9,9,0,10,10,
Lasso,N,ST,none,loeo,none,N_ST,33.655203326399295,39.96315208925388,0.556582180890405,21.652666110506328,9,9,0,10,10,
ElasticNet,N,ST,none,loeo,none,N_ST,26.959668383421967,37.87890222950762,0.6016283372215274,17.038140684518165,9,9,0,10,10,
SVR,N,ST,none,loeo,none,N_ST,60.24311227420817,69.56571176951118,-0.34364374890640415,39.16508645475763,9,9,0,10,10,
RandomForest,N,ST,none,loeo,none,N_ST,47.425946428571436,60.27082832346072,-0.008574515518013692,32.05050450187016,9,9,0,10,10,
XGBoost,N,ST,none,loeo,none,N_ST,46.552085876464844,58.679561493025105,0.04397909397707345,28.7624587436362,9,9,0,10,10,
MLP,N,ST,none,loeo,none,N_ST,167.32543296709997,360.68484654577077,-35.120143190487305,80.90940347924183,9,9,0,10,10,
